	elin	lena	oscar	agg	model	mean_non_agg
elin	1.0	0.4867540808134869	0.4992900381137434	0.6727790408601235	0.3510723591902185	0.4930220594636152
lena	0.4867540808134869	1.0	0.5337192208746784	0.7508785978023933	0.40188302057135494	0.5102366508440825
oscar	0.4992900381137434	0.5337192208746784	1.0	0.7819266116290973	0.41487252580026357	0.5165046294942108
agg	0.6727790408601235	0.7508785978023933	0.7819266116290973	1.0	0.45154247150632565	0.7351947500972047
model	0.3510723591902185	0.40188302057135494	0.41487252580026357	0.45154247150632565	1.0	0.38927596852061236
