	elin	lena	oscar	agg	model	mean_non_agg
elin	1.0	0.3447004344843356	0.4881878584814584	0.972561214623566	0.3889915793797495	0.41644414648289696
lena	0.3447004344843356	1.0	0.39520351881589044	0.3831338211863571	0.37005763302506356	0.36995197665011303
oscar	0.4881878584814584	0.39520351881589044	1.0	0.5240498520979657	0.4574859469251312	0.4416956886486745
agg	0.972561214623566	0.3831338211863571	0.5240498520979657	1.0	0.3885889180839085	0.6265816293026296
model	0.3889915793797495	0.37005763302506356	0.4574859469251312	0.3885889180839085	1.0	0.40551171977664807
