	elin	lena	oscar	agg	model	mean_non_agg
elin	1.0	0.6257142857142857	0.7057142857142857	0.9828571428571429	0.6542857142857142	0.6657142857142857
lena	0.6257142857142857	1.0	0.7171428571428572	0.6428571428571429	0.7028571428571428	0.6714285714285715
oscar	0.7057142857142857	0.7171428571428572	1.0	0.7228571428571429	0.7571428571428571	0.7114285714285715
agg	0.9828571428571429	0.6428571428571429	0.7228571428571429	1.0	0.6542857142857142	0.7828571428571429
model	0.6542857142857142	0.7028571428571428	0.7571428571428571	0.6542857142857142	1.0	0.7047619047619048
