elin;lena;oscar;agg;model;mean_human
1.0;0.6085714285714285;0.6171428571428571;0.7485714285714286;0.13428571428571429;0.6128571428571428
0.6085714285714285;1.0;0.6685714285714286;0.8171428571428572;0.11428571428571428;0.6385714285714286
0.6171428571428571;0.6685714285714286;1.0;0.84;0.09428571428571429;0.6428571428571428
0.7485714285714286;0.8171428571428572;0.84;1.0;0.12571428571428572;0.8019047619047619
0.13428571428571429;0.11428571428571428;0.09428571428571429;0.12571428571428572;1.0;0.11428571428571428
