elin;lena;oscar;agg;model;mean_human
1.0;0.4867540808134869;0.4992900381137434;0.6727790408601235;-0.000849377123442796;0.4930220594636152
0.4867540808134869;1.0;0.5337192208746784;0.7508785978023933;0.00104958845084413;0.5102366508440825
0.4992900381137434;0.5337192208746784;1.0;0.7819266116290973;0.0008105187319883411;0.5165046294942108
0.6727790408601235;0.7508785978023933;0.7819266116290973;1.0;0.0015847860538829028;0.7351947500972047
-0.000849377123442796;0.00104958845084413;0.0008105187319883411;0.0015847860538829028;1.0;0.0003369100197965584
