	elin	lena	oscar	agg	model	mean_non_agg
elin	1.0	0.6085714285714285	0.6171428571428571	0.7485714285714286	0.48857142857142855	0.6128571428571428
lena	0.6085714285714285	1.0	0.6685714285714286	0.8171428571428572	0.5771428571428572	0.6385714285714286
oscar	0.6171428571428571	0.6685714285714286	1.0	0.84	0.5771428571428572	0.6428571428571428
agg	0.7485714285714286	0.8171428571428572	0.84	1.0	0.58	0.8019047619047619
model	0.48857142857142855	0.5771428571428572	0.5771428571428572	0.58	1.0	0.5476190476190477
